genre,id
drama,1
drama,8
thriller,13
thriller,24
action,38
thriller,40
action,53
action,55
thriller,65
thriller,66
action,69
comedy,74
thriller,80
thriller,82
drama,87
thriller,100
drama,101
drama,106
thriller,107
thriller,112
drama,125
drama,126
sci-fi,127
thriller,147
comedy,149
drama,151
thriller,159
comedy,160
comedy,168
thriller,184
drama,186
thriller,194
thriller,195
thriller,196
comedy,201
adventure,202
thriller,203
romance,204
comedy,205
drama,211
action,212
sci-fi,214
thriller,215
drama,217
drama,220
drama,221
drama,222
drama,223
romance,233
sci-fi,235
drama,238
thriller,240
comedy,249
drama,253
comedy,270
thriller,271
thriller,272
drama,273
comedy,282
thriller,283
drama,289
drama,298
drama,302
drama,314
action,316
comedy,319
comedy,336
thriller,340
thriller,341
thriller,342
drama,347
drama,348
drama,350
thriller,351
action,352
thriller,354
action,368
comedy,373
drama,376
drama,380
thriller,383
action,388
comedy,390
action,391
thriller,395
drama,402
drama,407
drama,408
drama,419
thriller,421
drama,424
comedy,431
drama,436
drama,445
thriller,453
drama,458
thriller,460
thriller,461
thriller,468
drama,469
thriller,472
thriller,480
drama,484
action,491
drama,492
comedy,496
action,501
thriller,502
thriller,504
drama,511
action,515
drama,520
sci-fi,526
thriller,530
drama,532
drama,534
drama,536
thriller,537
action,538
drama,550
action,551
drama,560
thriller,575
thriller,576
drama,584
action,587
thriller,594
drama,597
drama,606
drama,609
drama,612
drama,618
thriller,620
comedy,622
drama,632
drama,633
thriller,634
thriller,635
drama,644
action,647
thriller,648
drama,652
drama,654
thriller,660
thriller,662
drama,663
thriller,666
thriller,667
thriller,676
drama,689
drama,693
drama,703
thriller,707
drama,710
thriller,721
thriller,733
horror,735
thriller,747
comedy,748
thriller,751
drama,756
action,759
thriller,760
drama,766
drama,769
action,793
drama,804
drama,809
drama,835
comedy,851
comedy,857
action,866
drama,867
thriller,872
drama,879
drama,887
drama,890
thriller,897
thriller,903
drama,916
thriller,920
drama,923
drama,924
drama,927
drama,929
thriller,931
thriller,934
drama,935
thriller,945
drama,953
thriller,960
action,963
comedy,966
comedy,969
drama,972
drama,974
thriller,980
thriller,998
drama,1001
thriller,1002
thriller,1013
thriller,1018
drama,1026
drama,1028
thriller,1038
comedy,1042
comedy,1043
drama,1045
comedy,1059
thriller,1068
drama,1070
romance,1083
horror,1084
drama,1085
thriller,1089
drama,1097
comedy,1104
sci-fi,1112
drama,1117
action,1121
drama,1128
thriller,1139
comedy,1140
thriller,1142
thriller,1145
thriller,1151
thriller,1152
thriller,1153
thriller,1158
thriller,1159
thriller,1173
drama,1177
action,1182
adventure,1186
drama,1192
other,1199
thriller,1200
thriller,1205
comedy,1217
drama,1218
drama,1223
drama,1236
drama,1252
action,1254
drama,1258
thriller,1261
thriller,1263
thriller,1266
thriller,1280
drama,1281
thriller,1285
thriller,1291
drama,1299
thriller,1305
comedy,1308
action,1309
thriller,1313
drama,1316
action,1320
drama,1323
drama,1325
drama,1330
sci-fi,1333
action,1340
thriller,1346
drama,1347
thriller,1365
thriller,1367
drama,1369
thriller,1372
action,1378
comedy,1388
action,1390
drama,1392
drama,1395
drama,1397
thriller,1402
thriller,1403
action,1410
thriller,1412
drama,1417
sci-fi,1424
action,1426
action,1429
drama,1437
romance,1444
thriller,1449
thriller,1450
drama,1452
drama,1453
comedy,1454
comedy,1456
drama,1457
drama,1470
drama,1473
thriller,1478
thriller,1481
thriller,1485
comedy,1488
thriller,1490
drama,1492
thriller,1495
drama,1499
thriller,1501
other,1504
adventure,1505
thriller,1521
thriller,1523
comedy,1524
drama,1525
drama,1533
thriller,1535
sci-fi,1547
drama,1566
thriller,1567
thriller,1574
action,1576
action,1582
sci-fi,1594
drama,1602
thriller,1609
thriller,1610
thriller,1612
thriller,1620
thriller,1623
drama,1644
thriller,1646
comedy,1650
thriller,1651
thriller,1652
action,1654
drama,1664
drama,1673
thriller,1682
comedy,1683
thriller,1684
thriller,1693
comedy,1695
drama,1696
thriller,1701
thriller,1703
thriller,1713
thriller,1717
thriller,1720
drama,1721
thriller,1725
comedy,1732
action,1738
drama,1739
thriller,1740
sci-fi,1741
drama,1743
thriller,1745
drama,1759
thriller,1760
drama,1763
thriller,1768
horror,1778
drama,1785
drama,1791
drama,1792
thriller,1795
drama,1800
horror,1801
thriller,1804
action,1807
comedy,1811
thriller,1812
thriller,1820
comedy,1821
thriller,1825
comedy,1837
thriller,1838
thriller,1839
drama,1850
thriller,1852
thriller,1854
action,1857
thriller,1859
action,1860
thriller,1863
thriller,1866
drama,1867
thriller,1870
horror,1873
sci-fi,1876
thriller,1877
sci-fi,1878
drama,1879
drama,1884
drama,1888
action,1901
action,1902
thriller,1904
drama,1911
sci-fi,1919
drama,1924
thriller,1931
thriller,1934
comedy,1941
drama,1943
drama,1945
thriller,1951
drama,1975
comedy,1982
sci-fi,1983
thriller,1986
thriller,1987
drama,1988
thriller,1991
drama,1993
drama,1997
action,2003
thriller,2005
drama,2008
thriller,2012
drama,2014
comedy,2016
thriller,2031
drama,2032
thriller,2041
drama,2046
drama,2047
drama,2048
drama,2049
drama,2051
drama,2052
action,2056
drama,2060
comedy,2067
thriller,2069
drama,2073
comedy,2078
drama,2081
drama,2085
drama,2088
action,2090
drama,2093
drama,2101
thriller,2106
comedy,2116
comedy,2123
drama,2124
romance,2127
action,2140
comedy,2141
thriller,2152
action,2165
drama,2176
action,2177
thriller,2180
thriller,2182
thriller,2185
thriller,2186
action,2190
comedy,2197
drama,2198
drama,2212
drama,2213
other,2216
drama,2218
thriller,2225
thriller,2229
action,2232
thriller,2237
action,2241
drama,2253
action,2259
thriller,2266
drama,2276
drama,2281
action,2286
thriller,2298
thriller,2300
action,2307
thriller,2310
drama,2317
action,2329
drama,2332
thriller,2336
action,2338
drama,2345
drama,2346
action,2351
comedy,2358
comedy,2361
romance,2372
thriller,2380
thriller,2384
drama,2388
horror,2394
horror,2400
drama,2407
drama,2411
thriller,2413
drama,2414
comedy,2418
drama,2434
drama,2435
action,2438
drama,2439
drama,2442
drama,2443
drama,2446
drama,2447
thriller,2448
thriller,2456
thriller,2466
action,2467
thriller,2468
thriller,2480
thriller,2484
drama,2486
comedy,2489
thriller,2491
drama,2497
thriller,2502
drama,2506
drama,2520
comedy,2552
thriller,2555
thriller,2573
drama,2574
action,2579
drama,2580
drama,2581
adventure,2587
drama,2598
sci-fi,2600
action,2603
comedy,2609
other,2610
thriller,2615
comedy,2617
thriller,2633
action,2636
comedy,2638
drama,2641
thriller,2645
horror,2647
action,2651
drama,2657
drama,2671
drama,2672
drama,2675
comedy,2681
comedy,2682
drama,2686
drama,2689
thriller,2694
drama,2698
drama,2699
action,2709
thriller,2716
comedy,2721
thriller,2725
action,2727
drama,2729
drama,2730
drama,2739
action,2740
comedy,2745
comedy,2749
comedy,2751
thriller,2756
drama,2758
thriller,2760
drama,2771
comedy,2774
thriller,2775
thriller,2779
drama,2785
drama,2806
drama,2809
drama,2810
thriller,2816
comedy,2825
action,2827
thriller,2830
thriller,2834
drama,2837
drama,2841
drama,2845
comedy,2860
sci-fi,2864
drama,2866
thriller,2871
drama,2880
thriller,2881
comedy,2890
thriller,2899
action,2905
drama,2907
thriller,2915
horror,2924
thriller,2928
thriller,2932
thriller,2934
thriller,2940
sci-fi,2941
drama,2946
drama,2953
drama,2957
drama,2963
action,2964
thriller,2968
thriller,2976
thriller,2979
thriller,2981
thriller,2982
action,2989
drama,2994
action,3002
drama,3004
drama,3024
drama,3026
sci-fi,3030
horror,3031
comedy,3036
thriller,3048
thriller,3051
comedy,3052
action,3057
drama,3059
thriller,3073
drama,3074
drama,3080
comedy,3084
thriller,3088
drama,3090
thriller,3094
action,3104
drama,3106
other,3108
comedy,3111
drama,3115
thriller,3124
sci-fi,3125
thriller,3126
thriller,3129
thriller,3132
thriller,3133
sci-fi,3134
sci-fi,3135
drama,3137
action,3146
comedy,3156
drama,3171
thriller,3178
drama,3187
sci-fi,3188
sci-fi,3196
thriller,3197
thriller,3203
action,3204
comedy,3205
action,3219
thriller,3220
comedy,3221
drama,3231
comedy,3239
action,3244
drama,3247
adventure,3248
action,3254
thriller,3259
drama,3264
horror,3266
action,3273
action,3275
drama,3277
drama,3286
adventure,3293
comedy,3294
drama,3298
drama,3311
thriller,3316
drama,3320
drama,3325
drama,3327
thriller,3337
comedy,3338
drama,3339
action,3346
comedy,3354
drama,3358
thriller,3366
sci-fi,3372
drama,3382
thriller,3384
thriller,3385
thriller,3392
comedy,3398
thriller,3399
thriller,3409
drama,3418
drama,3420
drama,3422
drama,3423
thriller,3427
adventure,3430
thriller,3433
drama,3434
horror,3436
drama,3441
drama,3446
drama,3454
sci-fi,3457
drama,3458
thriller,3460
drama,3485
comedy,3486
action,3488
drama,3495
drama,3497
thriller,3504
thriller,3508
drama,3512
drama,3513
thriller,3515
comedy,3520
drama,3524
drama,3528
thriller,3536
thriller,3539
drama,3543
thriller,3549
drama,3550
drama,3552
thriller,3553
thriller,3562
drama,3581
action,3584
thriller,3587
drama,3595
other,3600
thriller,3608
thriller,3610
comedy,3611
thriller,3613
drama,3615
drama,3616
drama,3628
adventure,3629
drama,3632
comedy,3633
thriller,3637
adventure,3644
comedy,3654
comedy,3655
drama,3656
thriller,3661
drama,3662
thriller,3667
drama,3670
drama,3673
comedy,3686
action,3693
drama,3699
action,3705
thriller,3706
drama,3711
comedy,3713
drama,3716
comedy,3725
drama,3727
thriller,3728
drama,3735
drama,3746
thriller,3752
thriller,3760
drama,3767
thriller,3768
thriller,3771
drama,3772
action,3776
comedy,3783
thriller,3784
thriller,3786
drama,3790
sci-fi,3792
drama,3793
drama,3795
comedy,3802
other,3809
drama,3820
thriller,3821
drama,3827
action,3830
action,3831
thriller,3833
thriller,3834
drama,3836
drama,3848
comedy,3854
drama,3870
drama,3877
thriller,3884
thriller,3891
sci-fi,3894
drama,3897
comedy,3909
comedy,3916
drama,3922
drama,3926
drama,3927
thriller,3929
drama,3933
drama,3938
thriller,3951
thriller,3953
thriller,3954
drama,3956
thriller,3967
other,3972
horror,3989
drama,3991
drama,3994
action,3996
action,4001
sci-fi,4006
thriller,4016
sci-fi,4017
drama,4030
drama,4032
drama,4044
drama,4047
thriller,4049
thriller,4067
thriller,4070
thriller,4082
drama,4087
drama,4101
thriller,4108
thriller,4109
comedy,4110
thriller,4126
comedy,4128
action,4140
comedy,4141
action,4144
drama,4149
drama,4156
thriller,4166
thriller,4167
thriller,4168
thriller,4177
drama,4182
drama,4189
action,4195
drama,4200
drama,4211
thriller,4239
sci-fi,4242
thriller,4248
thriller,4253
other,4260
thriller,4266
other,4268
drama,4276
drama,4280
drama,4281
drama,4282
drama,4289
other,4292
thriller,4296
comedy,4305
drama,4319
drama,4326
horror,4329
sci-fi,4330
action,4336
drama,4337
thriller,4360
thriller,4366
action,4371
thriller,4374
thriller,4376
sci-fi,4380
thriller,4382
thriller,4390
thriller,4391
comedy,4394
drama,4396
thriller,4401
drama,4402
drama,4403
action,4405
comedy,4406
action,4411
drama,4412
drama,4414
thriller,4418
action,4424
thriller,4428
comedy,4440
drama,4445
thriller,4458
thriller,4459
drama,4464
drama,4466
comedy,4474
drama,4478
comedy,4482
action,4488
drama,4489
drama,4503
thriller,4507
comedy,4508
thriller,4509
thriller,4515
drama,4516
drama,4518
drama,4522
drama,4523
drama,4528
horror,4537
thriller,4539
drama,4542
drama,4543
action,4550
comedy,4552
thriller,4554
thriller,4559
comedy,4564
drama,4570
drama,4572
action,4575
drama,4576
thriller,4577
drama,4593
drama,4596
drama,4601
action,4602
drama,4610
drama,4611
drama,4612
drama,4614
action,4617
action,4618
drama,4620
comedy,4622
other,4633
drama,4634
thriller,4642
thriller,4658
thriller,4661
thriller,4666
drama,4670
drama,4671
comedy,4678
adventure,4687
comedy,4692
comedy,4693
thriller,4695
drama,4696
thriller,4710
drama,4718
comedy,4719
thriller,4721
sci-fi,4728
drama,4740
thriller,4751
drama,4752
thriller,4756
sci-fi,4767
drama,4768
drama,4769
adventure,4771
comedy,4772
drama,4785
drama,4806
thriller,4808
drama,4812
thriller,4816
thriller,4820
thriller,4821
drama,4829
drama,4832
drama,4834
drama,4838
drama,4840
romance,4845
action,4847
sci-fi,4849
thriller,4850
thriller,4854
sci-fi,4856
thriller,4857
action,4862
sci-fi,4867
horror,4868
sci-fi,4888
action,4890
action,4903
drama,4904
drama,4915
action,4916
drama,4924
action,4941
horror,4945
comedy,4947
other,4959
drama,4960
thriller,4962
thriller,4963
comedy,4964
drama,4971
drama,4974
thriller,4975
thriller,4976
horror,4980
drama,4986
thriller,4990
comedy,4992
drama,4993
comedy,4995
drama,5019
drama,5030
drama,5032
drama,5035
thriller,5037
thriller,5042
comedy,5048
thriller,5055
comedy,5064
thriller,5073
drama,5080
thriller,5089
drama,5098
sci-fi,5099
drama,5102
drama,5118
comedy,5124
other,5125
drama,5127
drama,5133
drama,5140
thriller,5151
action,5153
thriller,5165
action,5170
comedy,5172
drama,5173
drama,5176
thriller,5183
drama,5192
comedy,5199
drama,5201
drama,5203
thriller,5210
thriller,5223
comedy,5237
drama,5243
other,5245
thriller,5249
adventure,5252
drama,5253
thriller,5254
thriller,5256
thriller,5261
romance,5263
thriller,5264
drama,5274
drama,5278
drama,5282
thriller,5283
drama,5298
drama,5299
thriller,5302
thriller,5304
drama,5305
horror,5320
drama,5324
action,5325
drama,5327
drama,5336
thriller,5351
action,5354
thriller,5355
action,5357
comedy,5358
drama,5364
drama,5373
comedy,5376
thriller,5381
action,5387
horror,5396
comedy,5399
drama,5400
thriller,5403
thriller,5417
drama,5418
drama,5423
action,5428
thriller,5429
action,5437
thriller,5440
drama,5446
thriller,5452
comedy,5464
thriller,5467
action,5468
drama,5470
action,5473
thriller,5474
action,5479
thriller,5482
comedy,5483
sci-fi,5486
drama,5487
drama,5501
drama,5504
comedy,5508
comedy,5514
thriller,5526
thriller,5531
horror,5539
drama,5544
comedy,5546
drama,5547
drama,5552
comedy,5553
drama,5558
drama,5563
comedy,5574
thriller,5580
drama,5583
romance,5596
thriller,5603
thriller,5605
thriller,5613
thriller,5621
sci-fi,5622
drama,5623
drama,5624
thriller,5629
adventure,5639
comedy,5645
drama,5648
action,5649
drama,5650
drama,5651
thriller,5664
thriller,5666
sci-fi,5676
drama,5680
thriller,5681
thriller,5690
other,5694
thriller,5698
drama,5701
drama,5702
drama,5711
drama,5713
thriller,5714
thriller,5718
thriller,5720
thriller,5729
action,5740
action,5747
drama,5748
adventure,5754
action,5759
drama,5769
action,5772
thriller,5773
drama,5776
thriller,5780
drama,5784
comedy,5790
drama,5794
comedy,5798
drama,5799
drama,5806
comedy,5807
drama,5818
thriller,5831
thriller,5843
comedy,5844
drama,5850
drama,5851
thriller,5856
thriller,5860
drama,5861
action,5865
thriller,5867
thriller,5870
action,5871
thriller,5877
thriller,5881
thriller,5889
drama,5894
adventure,5898
drama,5899
comedy,5903
comedy,5907
drama,5915
action,5920
thriller,5921
drama,5928
comedy,5929
thriller,5946
adventure,5950
action,5955
action,5962
thriller,5963
drama,5975
drama,5983
thriller,5984
drama,5987
thriller,5994
thriller,5998
drama,6001
drama,6006
drama,6016
drama,6018
thriller,6023
comedy,6024
comedy,6025
thriller,6026
other,6027
drama,6028
drama,6030
drama,6031
thriller,6036
action,6039
drama,6047
comedy,6055
drama,6058
thriller,6059
thriller,6061
drama,6065
action,6076
drama,6077
thriller,6090
drama,6096
romance,6099
thriller,6111
drama,6119
thriller,6122
horror,6125
drama,6127
drama,6129
drama,6136
drama,6144
comedy,6150
thriller,6151
drama,6152
drama,6153
drama,6154
action,6170
drama,6177
thriller,6178
comedy,6186
comedy,6192
thriller,6197
drama,6206
comedy,6217
thriller,6227
thriller,6248
drama,6260
action,6264
thriller,6268
comedy,6269
drama,6282
action,6284
action,6293
drama,6299
thriller,6302
comedy,6303
comedy,6310
action,6312
drama,6316
comedy,6320
thriller,6323
drama,6324
drama,6326
drama,6336
drama,6338
drama,6339
comedy,6340
comedy,6342
horror,6343
drama,6345
action,6346
thriller,6347
thriller,6348
drama,6349
drama,6350
action,6352
thriller,6355
thriller,6356
thriller,6366
thriller,6368
action,6373
thriller,6374
thriller,6383
adventure,6393
thriller,6397
drama,6403
action,6407
thriller,6414
drama,6415
drama,6417
thriller,6418
comedy,6422
drama,6426
action,6430
action,6434
comedy,6438
drama,6441
drama,6446
drama,6458
thriller,6459
horror,6462
drama,6465
comedy,6466
drama,6468
sci-fi,6478
thriller,6480
thriller,6483
drama,6493
horror,6495
thriller,6506
sci-fi,6509
drama,6515
sci-fi,6522
action,6534
adventure,6552
action,6569
other,6573
romance,6577
comedy,6582
thriller,6586
thriller,6587
thriller,6588
drama,6589
thriller,6596
thriller,6602
action,6607
comedy,6609
thriller,6616
thriller,6618
drama,6628
drama,6629
drama,6630
drama,6632
drama,6635
horror,6636
drama,6641
sci-fi,6642
thriller,6651
drama,6664
drama,6666
drama,6667
thriller,6670
thriller,6677
comedy,6679
action,6681
thriller,6682
thriller,6683
thriller,6684
action,6686
adventure,6693
drama,6700
thriller,6706
sci-fi,6714
thriller,6718
action,6720
thriller,6729
thriller,6732
drama,6734
horror,6745
comedy,6746
thriller,6748
drama,6749
thriller,6758
drama,6759
action,6761
drama,6763
action,6770
sci-fi,6771
drama,6772
comedy,6776
sci-fi,6780
comedy,6781
action,6786
drama,6787
drama,6790
thriller,6807
thriller,6814
thriller,6816
thriller,6820
thriller,6821
thriller,6824
comedy,6832
comedy,6836
thriller,6838
thriller,6845
horror,6847
drama,6848
action,6854
action,6859
drama,6864
thriller,6865
horror,6866
comedy,6881
drama,6882
thriller,6889
drama,6896
thriller,6903
drama,6904
thriller,6905
drama,6908
drama,6918
comedy,6924
drama,6928
drama,6930
drama,6931
thriller,6933
drama,6936
thriller,6938
thriller,6945
drama,6952
thriller,6953
drama,6963
comedy,6964
drama,6967
thriller,6974
comedy,6993
thriller,6999
other,7003
action,7004
thriller,7009
drama,7010
drama,7015
drama,7018
thriller,7022
sci-fi,7046
action,7051
thriller,7053
thriller,7055
comedy,7056
thriller,7061
drama,7062
thriller,7063
thriller,7066
drama,7069
drama,7074
comedy,7080
thriller,7083
thriller,7099
thriller,7100
comedy,7104
drama,7106
drama,7108
thriller,7118
thriller,7124
thriller,7126
action,7129
sci-fi,7130
thriller,7131
drama,7135
thriller,7138
action,7141
drama,7145
thriller,7152
drama,7171
drama,7189
drama,7190
drama,7192
drama,7195
drama,7198
thriller,7201
action,7208
thriller,7216
drama,7217
action,7218
thriller,7220
comedy,7224
drama,7227
drama,7231
comedy,7232
thriller,7233
drama,7236
comedy,7241
comedy,7242
drama,7248
drama,7253
thriller,7256
drama,7259
drama,7264
horror,7268
thriller,7269
comedy,7281
comedy,7283
comedy,7284
thriller,7295
comedy,7300
drama,7315
drama,7317
thriller,7321
sci-fi,7326
comedy,7345
drama,7349
horror,7352
thriller,7357
action,7363
drama,7365
drama,7368
drama,7373
drama,7378
drama,7380
romance,7383
drama,7388
drama,7390
drama,7394
drama,7396
thriller,7399
thriller,7400
thriller,7404
action,7408
drama,7421
drama,7426
drama,7432
comedy,7434
action,7441
thriller,7449
thriller,7463
thriller,7465
thriller,7493
thriller,7497
drama,7508
drama,7517
drama,7535
thriller,7543
comedy,7545
sci-fi,7546
drama,7550
drama,7551
drama,7555
drama,7566
thriller,7581
drama,7584
drama,7587
comedy,7589
drama,7590
drama,7594
thriller,7602
thriller,7605
thriller,7607
action,7609
adventure,7617
drama,7624
action,7625
thriller,7629
drama,7630
thriller,7638
drama,7652
action,7656
thriller,7661
drama,7667
thriller,7670
drama,7673
thriller,7675
drama,7676
drama,7680
thriller,7682
drama,7683
comedy,7690
action,7692
thriller,7693
drama,7699
comedy,7701
drama,7704
comedy,7707
comedy,7712
thriller,7717
thriller,7721
thriller,7724
thriller,7728
action,7741
thriller,7742
drama,7744
other,7745
drama,7759
thriller,7769
thriller,7771
comedy,7772
thriller,7773
drama,7775
thriller,7780
comedy,7784
thriller,7792
thriller,7797
action,7800
drama,7806
thriller,7810
action,7811
comedy,7812
thriller,7824
thriller,7832
action,7835
thriller,7836
comedy,7839
drama,7844
thriller,7851
comedy,7856
drama,7859
comedy,7861
other,7867
drama,7870
thriller,7871
thriller,7876
comedy,7878
thriller,7879
drama,7881
sci-fi,7883
drama,7889
drama,7894
horror,7906
sci-fi,7908
thriller,7911
action,7913
thriller,7918
thriller,7925
action,7931
thriller,7932
comedy,7938
thriller,7955
thriller,7956
thriller,7957
thriller,7971
horror,7975
horror,7984
sci-fi,7989
thriller,7992
thriller,8002
comedy,8021
drama,8025
thriller,8032
thriller,8033
drama,8036
thriller,8039
comedy,8044
drama,8047
drama,8049
sci-fi,8057
thriller,8059
sci-fi,8060
thriller,8066
action,8072
drama,8077
thriller,8082
drama,8083
thriller,8101
thriller,8103
drama,8104
action,8105
thriller,8114
drama,8121
sci-fi,8125
thriller,8130
action,8131
thriller,8132
thriller,8133
drama,8136
drama,8137
drama,8148
drama,8150
thriller,8151
thriller,8153
drama,8156
action,8158
drama,8161
thriller,8165
drama,8169
action,8171
drama,8174
drama,8186
drama,8202
drama,8215
drama,8222
adventure,8225
comedy,8226
drama,8227
drama,8231
thriller,8237
drama,8238
horror,8239
action,8246
thriller,8255
action,8257
thriller,8261
comedy,8273
sci-fi,8278
drama,8279
adventure,8302
action,8308
drama,8311
drama,8315
thriller,8316
horror,8317
comedy,8319
thriller,8320
thriller,8328
comedy,8329
drama,8332
comedy,8341
drama,8352
drama,8353
drama,8361
comedy,8370
drama,8374
drama,8379
drama,8380
action,8389
thriller,8390
action,8396
thriller,8403
adventure,8409
drama,8416
drama,8418
thriller,8420
drama,8422
comedy,8433
action,8434
horror,8442
thriller,8447
drama,8450
thriller,8451
drama,8461
drama,8465
action,8469
drama,8479
drama,8482
comedy,8486
thriller,8490
drama,8498
drama,8500
drama,8502
thriller,8504
thriller,8507
thriller,8514
drama,8524
drama,8530
thriller,8534
thriller,8539
thriller,8546
thriller,8547
action,8550
thriller,8578
other,8583
action,8584
drama,8593
drama,8596
adventure,8597
drama,8598
thriller,8600
drama,8601
thriller,8617
thriller,8619
drama,8621
drama,8627
drama,8628
drama,8630
action,8642
drama,8644
thriller,8645
action,8651
action,8657
thriller,8661
thriller,8663
comedy,8668
thriller,8676
drama,8677
drama,8684
action,8690
drama,8691
comedy,8707
drama,8710
comedy,8715
drama,8732
thriller,8733
drama,8734
drama,8736
action,8746
horror,8767
thriller,8770
drama,8773
action,8776
thriller,8778
comedy,8780
drama,8781
thriller,8782
comedy,8786
action,8795
drama,8796
drama,8798
drama,8806
action,8809
thriller,8813
action,8823
thriller,8827
thriller,8832
drama,8844
thriller,8845
romance,8848
thriller,8849
comedy,8853
comedy,8856
comedy,8859
sci-fi,8862
drama,8870
drama,8872
thriller,8879
action,8881
thriller,8886
action,8892
drama,8902
action,8918
drama,8928
other,8949
thriller,8957
drama,8960
drama,8962
drama,8967
drama,8968
drama,8970
action,8971
thriller,8975
drama,8976
thriller,8980
comedy,8988
thriller,8991
sci-fi,8995
thriller,8999
drama,9001
thriller,9011
comedy,9027
drama,9033
thriller,9034
drama,9040
drama,9041
action,9045
thriller,9062
thriller,9067
drama,9068
drama,9076
sci-fi,9085
drama,9088
comedy,9089
thriller,9094
drama,9108
drama,9111
comedy,9115
drama,9118
comedy,9121
thriller,9128
adventure,9129
drama,9142
thriller,9145
drama,9148
thriller,9155
thriller,9159
thriller,9160
action,9171
drama,9173
drama,9177
action,9178
drama,9186
comedy,9191
drama,9192
drama,9198
thriller,9204
thriller,9206
comedy,9207
drama,9209
comedy,9210
adventure,9214
action,9217
drama,9218
comedy,9221
comedy,9223
drama,9226
action,9227
thriller,9234
drama,9241
thriller,9242
drama,9243
action,9248
action,9253
sci-fi,9254
drama,9256
drama,9261
drama,9264
drama,9269
drama,9284
drama,9289
action,9295
thriller,9297
comedy,9302
thriller,9308
comedy,9316
thriller,9319
thriller,9321
comedy,9323
comedy,9331
horror,9332
drama,9334
thriller,9337
thriller,9343
drama,9349
thriller,9358
thriller,9361
drama,9368
thriller,9377
drama,9388
drama,9389
thriller,9393
drama,9397
drama,9398
drama,9399
comedy,9405
comedy,9409
drama,9416
thriller,9417
thriller,9418
thriller,9434
drama,9449
action,9452
drama,9457
comedy,9458
action,9461
drama,9466
thriller,9467
thriller,9471
thriller,9473
drama,9477
drama,9491
thriller,9494
action,9504
thriller,9507
drama,9512
comedy,9523
drama,9524
drama,9533
action,9539
sci-fi,9548
action,9550
drama,9552
thriller,9555
comedy,9561
drama,9562
horror,9565
drama,9568
action,9570
drama,9585
sci-fi,9586
drama,9591
drama,9592
drama,9597
drama,9603
drama,9606
thriller,9609
drama,9614
drama,9617
comedy,9619
comedy,9623
drama,9625
sci-fi,9626
thriller,9629
other,9630
thriller,9632
comedy,9633
thriller,9634
sci-fi,9636
thriller,9639
thriller,9641
drama,9644
drama,9645
comedy,9649
drama,9661
thriller,9667
thriller,9673
thriller,9678
drama,9681
drama,9689
comedy,9691
thriller,9700
horror,9705
thriller,9715
action,9716
romance,9720
thriller,9722
comedy,9726
drama,9728
sci-fi,9734
drama,9742
thriller,9743
thriller,9748
thriller,9759
thriller,9761
thriller,9764
drama,9765
adventure,9771
drama,9775
drama,9780
drama,9781
action,9792
comedy,9793
drama,9796
adventure,9806
drama,9807
horror,9813
sci-fi,9825
drama,9830
drama,9836
thriller,9846
thriller,9853
thriller,9855
drama,9859
thriller,9864
adventure,9865
drama,9867
romance,9870
action,9871
comedy,9873
drama,9875
thriller,9881
thriller,9885
drama,9896
drama,9897
thriller,9904
drama,9908
thriller,9915
drama,9929
drama,9941
comedy,9942
action,9947
action,9949
drama,9954
action,9956
drama,9958
thriller,9961
drama,9971
thriller,9972
drama,9977
drama,9979
comedy,9986
thriller,9993
drama,9996
comedy,9999
drama,10003
sci-fi,10007
drama,10009
drama,10012
thriller,10023
drama,10025
drama,10026
thriller,10029
comedy,10034
horror,10036
drama,10037
drama,10047
thriller,10048
comedy,10051
action,10052
drama,10054
drama,10060
drama,10063
drama,10070
thriller,10071
thriller,10078
drama,10084
comedy,10088
drama,10095
drama,10118
action,10120
thriller,10122
comedy,10133
thriller,10136
thriller,10141
comedy,10149
thriller,10150
thriller,10152
drama,10159
thriller,10163
drama,10167
comedy,10169
thriller,10172
drama,10173
comedy,10180
drama,10186
drama,10189
thriller,10195
comedy,10203
drama,10205
thriller,10208
comedy,10210
drama,10213
drama,10222
action,10223
adventure,10232
comedy,10246
drama,10247
action,10248
thriller,10253
thriller,10260
thriller,10267
comedy,10274
action,10278
thriller,10281
comedy,10284
action,10286
drama,10289
thriller,10297
thriller,10298
thriller,10304
drama,10306
drama,10310
comedy,10312
drama,10316
drama,10318
thriller,10325
drama,10326
drama,10330
drama,10332
drama,10333
thriller,10334
thriller,10336
drama,10337
comedy,10341
comedy,10347
drama,10351
action,10353
comedy,10356
action,10360
comedy,10366
drama,10367
thriller,10371
drama,10374
drama,10375
sci-fi,10377
drama,10381
comedy,10388
action,10400
drama,10402
thriller,10414
thriller,10422
comedy,10423
drama,10424
drama,10442
thriller,10447
comedy,10448
action,10449
drama,10451
drama,10455
comedy,10463
thriller,10468
drama,10469
comedy,10472
comedy,10476
drama,10484
comedy,10489
thriller,10494
drama,10505
thriller,10510
thriller,10511
drama,10512
thriller,10520
thriller,10527
action,10528
action,10529
thriller,10546
drama,10549
action,10556
drama,10558
drama,10561
drama,10564
drama,10566
thriller,10574
thriller,10588
action,10590
sci-fi,10598
thriller,10609
drama,10614
horror,10615
thriller,10620
drama,10622
drama,10623
drama,10633
drama,10636
thriller,10648
thriller,10649
thriller,10650
action,10661
adventure,10672
drama,10674
thriller,10675
sci-fi,10686
comedy,10689
thriller,10692
drama,10697
comedy,10703
drama,10710
drama,10711
drama,10713
drama,10720
thriller,10722
drama,10730
drama,10734
drama,10738
comedy,10758
drama,10765
thriller,10768
drama,10772
thriller,10781
adventure,10784
adventure,10794
thriller,10795
thriller,10798
comedy,10800
drama,10804
drama,10808
thriller,10810
thriller,10811
action,10819
drama,10833
comedy,10836
drama,10839
drama,10844
thriller,10846
comedy,10847
drama,10849
thriller,10850
comedy,10853
drama,10864
drama,10878
horror,10879
drama,10880
thriller,10888
drama,10894
action,10900
thriller,10901
romance,10910
drama,10915
sci-fi,10918
thriller,10920
thriller,10924
drama,10925
sci-fi,10929
drama,10930
thriller,10931
drama,10934
drama,10945
drama,10966
drama,10967
comedy,10968
thriller,10971
thriller,10975
action,10978
thriller,10982
action,10988
comedy,10994
drama,10996
drama,11001
drama,11003
adventure,11007
drama,11009
action,11011
drama,11014
action,11015
thriller,11026
other,11029
horror,11030
thriller,11033
action,11038
thriller,11051
drama,11052
drama,11053
thriller,11056
drama,11061
action,11071
comedy,11076
thriller,11086
thriller,11093
thriller,11111
action,11116
drama,11120
thriller,11132
drama,11134
horror,11141
thriller,11145
drama,11148
thriller,11153
drama,11162
action,11172
drama,11177
drama,11181
drama,11185
comedy,11205
drama,11206
thriller,11209
comedy,11211
thriller,11218
drama,11220
thriller,11221
thriller,11225
drama,11229
drama,11235
thriller,11236
comedy,11242
thriller,11246
action,11258
thriller,11260
thriller,11265
comedy,11270
action,11271
drama,11272
drama,11275
drama,11276
drama,11278
thriller,11280
drama,11282
drama,11285
comedy,11296
drama,11308
action,11311
adventure,11316
drama,11323
drama,11324
drama,11326
action,11339
drama,11340
drama,11344
thriller,11352
drama,11354
drama,11359
action,11365
comedy,11366
drama,11371
drama,11374
action,11376
horror,11379
sci-fi,11380
action,11388
thriller,11390
comedy,11393
drama,11400
horror,11401
sci-fi,11410
drama,11413
drama,11418
drama,11423
drama,11426
thriller,11428
thriller,11432
thriller,11436
drama,11437
drama,11445
drama,11447
drama,11468
drama,11478
drama,11479
drama,11480
drama,11483
drama,11492
thriller,11493
drama,11496
thriller,11498
drama,11499
thriller,11504
drama,11509
thriller,11510
comedy,11518
thriller,11521
other,11522
drama,11525
drama,11526
drama,11527
drama,11533
horror,11534
drama,11535
thriller,11541
thriller,11549
thriller,11550
action,11558
thriller,11563
sci-fi,11567
thriller,11568
thriller,11573
thriller,11574
action,11581
thriller,11582
adventure,11588
thriller,11594
comedy,11595
drama,11597
thriller,11603
thriller,11605
drama,11606
thriller,11608
action,11609
thriller,11613
action,11623
action,11626
adventure,11632
drama,11651
thriller,11653
thriller,11667
action,11670
drama,11677
drama,11680
thriller,11683
other,11688
action,11712
romance,11715
drama,11717
horror,11724
comedy,11726
drama,11728
sci-fi,11748
thriller,11762
action,11766
drama,11768
thriller,11772
other,11777
drama,11780
thriller,11786
drama,11787
thriller,11793
drama,11797
action,11799
thriller,11810
thriller,11811
adventure,11813
thriller,11826
drama,11828
thriller,11832
drama,11837
drama,11849
action,11852
action,11853
thriller,11854
drama,11857
action,11862
drama,11864
other,11871
drama,11872
drama,11878
thriller,11880
thriller,11885
comedy,11889
thriller,11897
drama,11901
thriller,11904
thriller,11909
drama,11912
thriller,11915
drama,11921
thriller,11927
drama,11928
thriller,11950
drama,11952
comedy,11953
thriller,11965
drama,11974
comedy,11977
thriller,11979
drama,11981
thriller,11986
comedy,12008
drama,12010
other,12012
drama,12015
drama,12018
drama,12021
action,12031
comedy,12032
comedy,12036
drama,12049
drama,12065
action,12066
drama,12077
thriller,12088
thriller,12089
drama,12093
comedy,12094
drama,12098
drama,12102
drama,12109
drama,12113
comedy,12116
drama,12129
action,12131
adventure,12144
thriller,12156
drama,12157
thriller,12158
drama,12161
drama,12164
drama,12165
drama,12174
horror,12177
horror,12179
drama,12182
thriller,12186
drama,12188
action,12196
drama,12197
drama,12199
drama,12202
thriller,12219
drama,12236
drama,12237
thriller,12239
drama,12252
thriller,12268
thriller,12271
drama,12275
action,12276
other,12281
drama,12282
drama,12292
comedy,12296
comedy,12308
thriller,12311
drama,12318
thriller,12319
drama,12320
drama,12322
thriller,12327
drama,12335
thriller,12341
adventure,12345
drama,12347
drama,12375
comedy,12383
thriller,12386
thriller,12397
drama,12406
other,12410
drama,12412
drama,12413
drama,12416
thriller,12431
thriller,12435
drama,12448
drama,12463
thriller,12467
drama,12468
thriller,12475
drama,12499
thriller,12517
thriller,12522
thriller,12525
drama,12529
thriller,12532
comedy,12539
comedy,12541
comedy,12552
comedy,12554
action,12556
thriller,12558
comedy,12559
thriller,12569
action,12572
action,12580
drama,12588
drama,12592
comedy,12599
thriller,12601
thriller,12606
sci-fi,12607
horror,12624
drama,12631
drama,12633
drama,12644
drama,12648
drama,12654
thriller,12655
drama,12656
romance,12657
drama,12661
drama,12663
drama,12665
comedy,12674
action,12681
drama,12685
drama,12689
action,12701
thriller,12707
thriller,12708
drama,12709
thriller,12711
action,12715
drama,12717
thriller,12720
thriller,12726
thriller,12730
thriller,12737
action,12738
drama,12739
comedy,12741
comedy,12749
action,12750
action,12754
drama,12755
horror,12767
comedy,12772
action,12780
comedy,12783
horror,12792
thriller,12795
thriller,12797
action,12808
action,12813
comedy,12826
action,12828
thriller,12835
drama,12838
thriller,12840
drama,12845
action,12848
drama,12853
drama,12866
drama,12871
action,12874
other,12881
comedy,12883
action,12885
thriller,12894
adventure,12895
thriller,12908
thriller,12921
comedy,12923
thriller,12924
thriller,12930
thriller,12937
drama,12943
drama,12944
drama,12946
thriller,12949
drama,12950
drama,12952
drama,12953
drama,12954
drama,12956
action,12967
action,12968
thriller,12980
drama,12986
action,13013
thriller,13015
thriller,13016
thriller,13017
drama,13019
drama,13029
thriller,13040
horror,13061
drama,13064
comedy,13072
drama,13086
drama,13095
drama,13098
comedy,13099
comedy,13115
thriller,13123
comedy,13125
drama,13126
other,13128
drama,13133
thriller,13137
drama,13145
drama,13146
comedy,13150
drama,13151
thriller,13153
thriller,13173
thriller,13189
thriller,13191
drama,13193
drama,13198
action,13201
drama,13207
comedy,13211
sci-fi,13216
comedy,13218
drama,13225
other,13227
drama,13233
comedy,13236
sci-fi,13238
drama,13240
thriller,13247
drama,13252
drama,13254
thriller,13258
action,13261
comedy,13266
drama,13268
drama,13269
sci-fi,13277
drama,13279
thriller,13290
comedy,13295
drama,13303
drama,13307
drama,13320
thriller,13322
drama,13324
romance,13325
adventure,13335
action,13340
thriller,13342
thriller,13346
drama,13356
comedy,13357
drama,13361
drama,13364
thriller,13396
drama,13407
drama,13414
thriller,13419
thriller,13422
drama,13424
drama,13435
comedy,13436
drama,13439
comedy,13441
comedy,13444
drama,13445
adventure,13456
thriller,13460
drama,13466
drama,13468
drama,13478
comedy,13479
action,13480
comedy,13482
drama,13483
drama,13494
romance,13495
drama,13496
drama,13498
thriller,13499
thriller,13504
horror,13511
other,13513
comedy,13514
action,13516
action,13517
drama,13519
action,13525
drama,13531
action,13536
drama,13538
thriller,13545
drama,13554
drama,13557
thriller,13563
comedy,13567
drama,13573
adventure,13582
drama,13583
drama,13584
comedy,13589
thriller,13593
action,13596
comedy,13601
drama,13608
thriller,13611
drama,13617
comedy,13618
thriller,13623
drama,13633
thriller,13635
drama,13638
comedy,13651
drama,13667
thriller,13673
action,13677
thriller,13680
thriller,13681
thriller,13683
thriller,13685
thriller,13700
thriller,13703
action,13705
drama,13715
comedy,13722
sci-fi,13727
thriller,13735
action,13736
drama,13739
drama,13741
horror,13746
drama,13753
drama,13755
thriller,13757
action,13761
thriller,13766
other,13767
drama,13771
horror,13774
drama,13775
thriller,13777
drama,13779
thriller,13780
action,13784
drama,13802
thriller,13824
thriller,13825
drama,13826
thriller,13828
drama,13829
thriller,13833
comedy,13853
thriller,13863
thriller,13866
thriller,13871
comedy,13873
comedy,13883
thriller,13885
thriller,13887
thriller,13888
drama,13891
thriller,13913
drama,13923
thriller,13925
drama,13926
action,13935
drama,13936
drama,13939
sci-fi,13943
thriller,13944
sci-fi,13946
thriller,13951
thriller,13953
comedy,13964
comedy,13965
thriller,13968
thriller,13969
horror,13971
thriller,13974
thriller,13988
action,13999
thriller,14002
thriller,14009
drama,14017
thriller,14018
thriller,14034
action,14046
thriller,14047
thriller,14051
comedy,14057
drama,14077
sci-fi,14078
comedy,14079
comedy,14087
drama,14090
adventure,14091
drama,14093
thriller,14101
thriller,14102
adventure,14104
thriller,14116
drama,14128
drama,14129
comedy,14134
thriller,14141
drama,14144
horror,14147
drama,14148
sci-fi,14156
comedy,14159
comedy,14161
thriller,14169
drama,14172
comedy,14182
thriller,14183
thriller,14189
drama,14197
drama,14199
sci-fi,14207
drama,14209
action,14210
thriller,14212
drama,14220
thriller,14223
thriller,14230
drama,14238
thriller,14239
comedy,14243
drama,14248
drama,14251
sci-fi,14260
thriller,14261
drama,14267
action,14272
comedy,14288
action,14293
drama,14296
action,14297
thriller,14304
sci-fi,14305
horror,14310
drama,14313
thriller,14314
thriller,14316
thriller,14319
drama,14328
thriller,14330
thriller,14333
comedy,14337
drama,14342
comedy,14352
other,14354
thriller,14355
thriller,14359
action,14361
drama,14363
drama,14365
thriller,14374
drama,14375
thriller,14376
drama,14382
thriller,14385
drama,14388
thriller,14393
thriller,14394
thriller,14407
thriller,14414
action,14419
thriller,14420
thriller,14422
thriller,14426
drama,14428
thriller,14432
drama,14436
romance,14437
sci-fi,14439
drama,14443
thriller,14450
thriller,14451
comedy,14455
thriller,14460
drama,14461
thriller,14476
action,14479
drama,14481
drama,14484
drama,14486
comedy,14494
comedy,14495
comedy,14498
drama,14504
drama,14510
drama,14531
thriller,14534
drama,14544
comedy,14548
action,14556
comedy,14563
action,14565
drama,14566
action,14570
action,14576
thriller,14583
thriller,14584
drama,14589
romance,14597
thriller,14611
thriller,14613
comedy,14614
drama,14616
thriller,14617
horror,14618
drama,14626
thriller,14638
comedy,14645
horror,14646
action,14659
thriller,14660
drama,14663
comedy,14687
drama,14688
thriller,14705
drama,14708
comedy,14710
drama,14717
drama,14719
drama,14720
thriller,14721
thriller,14722
thriller,14723
other,14731
thriller,14738
thriller,14745
action,14747
comedy,14751
drama,14753
thriller,14754
drama,14758
drama,14768
action,14770
comedy,14771
comedy,14777
drama,14782
drama,14790
thriller,14792
adventure,14797
thriller,14798
drama,14799
action,14809
adventure,14811
drama,14816
thriller,14817
drama,14819
thriller,14823
comedy,14832
comedy,14837
drama,14841
drama,14846
thriller,14853
thriller,14861
drama,14881
drama,14883
drama,14894
action,14896
drama,14900
thriller,14905
thriller,14906
thriller,14907
drama,14912
drama,14915
drama,14920
drama,14921
thriller,14928
thriller,14930
thriller,14942
drama,14944
thriller,14945
thriller,14951
thriller,14956
drama,14958
drama,14960
drama,14961
thriller,14975
other,14980
drama,14986
comedy,14989
drama,14990
drama,14993
sci-fi,14996
thriller,15007
action,15009
drama,15010
thriller,15019
sci-fi,15023
comedy,15027
drama,15037
thriller,15045
comedy,15048
drama,15050
comedy,15051
thriller,15053
thriller,15054
horror,15056
thriller,15059
drama,15064
thriller,15065
thriller,15067
thriller,15072
other,15091
thriller,15096
drama,15113
action,15119
sci-fi,15131
drama,15132
drama,15139
drama,15145
comedy,15147
thriller,15148
drama,15158
thriller,15159
thriller,15160
other,15161
thriller,15166
drama,15190
thriller,15191
drama,15196
drama,15198
action,15200
sci-fi,15202
thriller,15207
drama,15217
thriller,15220
drama,15223
other,15225
drama,15227
thriller,15228
thriller,15230
thriller,15231
comedy,15232
drama,15235
sci-fi,15238
drama,15239
thriller,15250
drama,15255
thriller,15265
drama,15276
drama,15288
drama,15301
thriller,15303
drama,15306
thriller,15309
thriller,15310
action,15313
drama,15314
comedy,15322
thriller,15344
thriller,15348
thriller,15352
thriller,15353
horror,15359
drama,15360
thriller,15365
drama,15367
drama,15368
thriller,15370
thriller,15376
drama,15377
thriller,15380
horror,15381
drama,15383
drama,15386
thriller,15387
drama,15400
comedy,15404
action,15405
drama,15410
drama,15413
drama,15419
thriller,15423
thriller,15425
thriller,15435
thriller,15443
drama,15448
drama,15455
drama,15477
thriller,15488
thriller,15490
comedy,15492
thriller,15499
drama,15502
thriller,15503
action,15505
thriller,15523
drama,15524
action,15528
comedy,15538
drama,15539
thriller,15549
thriller,15550
thriller,15555
thriller,15557
comedy,15565
drama,15572
drama,15579
drama,15586
drama,15596
horror,15607
drama,15612
comedy,15620
action,15624
action,15625
drama,15649
thriller,15651
drama,15652
comedy,15654
thriller,15663
drama,15666
comedy,15667
drama,15668
thriller,15669
thriller,15685
horror,15692
action,15694
comedy,15699
drama,15701
drama,15707
comedy,15724
drama,15725
thriller,15727
thriller,15729
action,15732
drama,15733
drama,15736
drama,15738
thriller,15744
drama,15749
thriller,15751
thriller,15754
thriller,15757
thriller,15768
comedy,15781
drama,15785
drama,15793
thriller,15797
drama,15798
drama,15801
drama,15803
thriller,15808
sci-fi,15809
thriller,15810
comedy,15811
comedy,15812
action,15816
drama,15818
drama,15820
action,15824
action,15828
drama,15834
drama,15846
thriller,15854
thriller,15859
romance,15862
drama,15867
thriller,15868
drama,15875
thriller,15879
sci-fi,15882
drama,15892
drama,15901
comedy,15917
thriller,15926
thriller,15928
comedy,15936
horror,15938
thriller,15949
action,15960
drama,15961
drama,15970
action,15982
thriller,15994
drama,15998
comedy,16002
drama,16015
thriller,16017
action,16019
sci-fi,16026
thriller,16027
thriller,16029
thriller,16039
action,16043
comedy,16044
action,16045
thriller,16051
drama,16053
action,16058
comedy,16062
comedy,16064
comedy,16068
drama,16084
adventure,16097
thriller,16105
thriller,16106
thriller,16110
sci-fi,16111
action,16114
thriller,16120
drama,16125
drama,16128
drama,16131
drama,16135
thriller,16139
thriller,16145
drama,16147
horror,16168
action,16171
action,16173
drama,16174
comedy,16177
drama,16190
drama,16204
thriller,16207
thriller,16208
horror,16213
thriller,16224
drama,16237
drama,16240
drama,16245
thriller,16256
drama,16259
comedy,16264
drama,16283
action,16297
comedy,16298
action,16309
drama,16312
thriller,16316
drama,16319
thriller,16322
comedy,16326
drama,16328
comedy,16333
drama,16339
thriller,16347
thriller,16353
action,16360
thriller,16368
thriller,16377
drama,16382
drama,16392
thriller,16399
thriller,16407
drama,16413
action,16430
thriller,16435
comedy,16436
thriller,16446
action,16448
drama,16452
thriller,16461
thriller,16483
thriller,16491
drama,16501
drama,16503
drama,16506
thriller,16514
thriller,16521
drama,16523
thriller,16525
comedy,16532
drama,16544
drama,16547
thriller,16549
thriller,16561
drama,16562
thriller,16565
thriller,16576
comedy,16581
drama,16583
drama,16591
thriller,16594
drama,16601
action,16604
comedy,16616
comedy,16624
drama,16625
thriller,16629
thriller,16635
thriller,16643
comedy,16657
drama,16660
thriller,16661
drama,16663
drama,16669
action,16672
thriller,16678
drama,16683
drama,16685
thriller,16686
thriller,16689
comedy,16691
thriller,16693
thriller,16702
action,16707
thriller,16715
comedy,16717
thriller,16723
drama,16739
drama,16746
drama,16754
drama,16761
action,16773
drama,16780
drama,16782
drama,16784
adventure,16785
thriller,16788
thriller,16792
horror,16794
drama,16799
comedy,16804
thriller,16819
drama,16820
drama,16828
action,16830
adventure,16836
comedy,16846
thriller,16855
drama,16856
drama,16860
drama,16861
thriller,16863
drama,16864
comedy,16865
drama,16867
thriller,16877
thriller,16878
comedy,16883
drama,16884
thriller,16887
drama,16890
drama,16896
sci-fi,16898
thriller,16900
thriller,16901
drama,16907
drama,16908
drama,16916
thriller,16927
thriller,16938
thriller,16953
action,16976
drama,16977
thriller,16991
drama,16993
thriller,17003
thriller,17004
action,17007
thriller,17010
thriller,17012
action,17019
thriller,17021
comedy,17026
action,17029
sci-fi,17031
thriller,17032
drama,17036
drama,17037
thriller,17040
drama,17041
comedy,17063
action,17067
comedy,17069
drama,17079
thriller,17080
thriller,17083
drama,17085
thriller,17090
thriller,17095
action,17120
thriller,17145
thriller,17148
thriller,17166
drama,17167
thriller,17179
horror,17184
thriller,17196
thriller,17204
thriller,17206
drama,17211
drama,17212
drama,17220
thriller,17228
drama,17231
drama,17238
thriller,17240
thriller,17242
drama,17244
horror,17250
comedy,17254
thriller,17257
other,17259
thriller,17262
comedy,17266
drama,17270
drama,17278
drama,17292
drama,17297
drama,17301
thriller,17303
adventure,17308
comedy,17309
thriller,17310
comedy,17311
drama,17313
thriller,17315
thriller,17316
horror,17319
comedy,17320
drama,17322
drama,17326
comedy,17327
thriller,17328
thriller,17335
drama,17337
drama,17345
horror,17353
thriller,17359
thriller,17368
comedy,17374
thriller,17380
drama,17381
drama,17387
drama,17394
drama,17399
drama,17400
romance,17408
drama,17411
thriller,17415
thriller,17418
thriller,17428
drama,17431
thriller,17432
thriller,17435
thriller,17442
comedy,17452
other,17457
action,17459
drama,17467
drama,17469
drama,17485
comedy,17510
action,17512
thriller,17513
thriller,17525
drama,17528
sci-fi,17531
drama,17534
drama,17535
adventure,17539
thriller,17546
thriller,17549
thriller,17551
adventure,17558
thriller,17560
drama,17561
drama,17578
thriller,17588
comedy,17595
drama,17604
drama,17606
drama,17613
drama,17614
drama,17620
drama,17624
other,17629
drama,17632
thriller,17634
thriller,17646
action,17652
thriller,17653
thriller,17655
drama,17656
action,17658
drama,17660
drama,17662
comedy,17669
thriller,17674
drama,17677
comedy,17682
action,17684
drama,17685
thriller,17687
drama,17701
thriller,17704
thriller,17714
thriller,17716
drama,17719
thriller,17724
thriller,17738
drama,17741
comedy,17743
horror,17748
comedy,17753
drama,17756
thriller,17765
thriller,17772
drama,17776
sci-fi,17780
thriller,17781
drama,17782
drama,17785
drama,17802
thriller,17804
thriller,17811
drama,17812
thriller,17814
thriller,17818
drama,17819
drama,17820
comedy,17824
drama,17830
action,17841
thriller,17843
drama,17849
drama,17856
other,17857
thriller,17858
thriller,17859
comedy,17860
comedy,17868
comedy,17870
adventure,17872
drama,17875
drama,17876
drama,17884
comedy,17892
thriller,17896
drama,17899
drama,17915
thriller,17919
drama,17921
drama,17924
thriller,17926
thriller,17933
thriller,17937
thriller,17938
drama,17939
thriller,17944
horror,17945
thriller,17947
adventure,17961
comedy,17974
drama,17977
comedy,17981
comedy,17984
drama,17985
comedy,17986
drama,17990
drama,18020
drama,18021
thriller,18027
action,18031
drama,18033
drama,18039
drama,18046
thriller,18050
comedy,18052
drama,18053
drama,18056
thriller,18064
horror,18066
action,18074
action,18083
comedy,18096
drama,18097
drama,18107
action,18109
thriller,18117
comedy,18130
action,18145
drama,18151
drama,18157
drama,18161
drama,18172
thriller,18177
drama,18178
drama,18187
action,18194
thriller,18195
thriller,18202
thriller,18210
comedy,18213
drama,18221
drama,18225
action,18227
thriller,18228
comedy,18233
drama,18234
thriller,18239
drama,18240
thriller,18241
sci-fi,18246
drama,18247
thriller,18252
drama,18257
thriller,18263
drama,18264
drama,18287
comedy,18288
drama,18304
action,18323
drama,18326
thriller,18330
thriller,18335
drama,18343
comedy,18346
drama,18351
sci-fi,18352
action,18353
comedy,18356
drama,18369
thriller,18371
drama,18375
drama,18379
comedy,18396
comedy,18422
thriller,18424
thriller,18427
comedy,18428
drama,18431
romance,18435
thriller,18440
drama,18452
thriller,18457
thriller,18472
drama,18480
romance,18487
drama,18494
comedy,18499
drama,18502
thriller,18504
drama,18509
drama,18519
thriller,18529
comedy,18537
drama,18543
comedy,18544
drama,18550
thriller,18559
drama,18560
drama,18562
drama,18563
drama,18564
comedy,18565
thriller,18572
thriller,18575
drama,18576
thriller,18582
drama,18586
comedy,18593
action,18594
thriller,18595
comedy,18596
thriller,18604
action,18607
thriller,18612
other,18614
drama,18616
thriller,18617
drama,18621
drama,18626
thriller,18633
thriller,18636
drama,18646
thriller,18650
drama,18651
thriller,18659
action,18663
thriller,18666
comedy,18669
comedy,18675
comedy,18678
action,18679
drama,18680
drama,18686
action,18688
action,18698
thriller,18707
thriller,18711
thriller,18722
drama,18723
drama,18728
thriller,18733
drama,18740
adventure,18741
comedy,18768
thriller,18779
comedy,18780
drama,18782
thriller,18786
drama,18800
thriller,18808
action,18813
sci-fi,18822
drama,18828
drama,18836
thriller,18845
drama,18846
drama,18859
action,18863
thriller,18864
comedy,18869
action,18876
comedy,18881
thriller,18888
drama,18891
action,18897
action,18898
thriller,18899
drama,18901
comedy,18905
drama,18917
drama,18931
drama,18935
drama,18936
drama,18939
drama,18947
comedy,18954
comedy,18960
drama,18961
thriller,18970
drama,18973
thriller,18987
thriller,18989
drama,19004
thriller,19009
thriller,19011
sci-fi,19016
thriller,19026
action,19027
comedy,19034
comedy,19036
drama,19039
drama,19056
thriller,19062
thriller,19063
drama,19064
thriller,19067
thriller,19069
thriller,19072
thriller,19073
drama,19075
drama,19084
drama,19096
thriller,19098
thriller,19109
drama,19111
horror,19117
drama,19129
drama,19133
drama,19138
comedy,19139
drama,19140
comedy,19141
horror,19147
action,19148
drama,19156
comedy,19161
thriller,19162
thriller,19164
comedy,19176
action,19177
thriller,19178
thriller,19179
action,19188
comedy,19199
thriller,19206
thriller,19207
drama,19211
thriller,19218
thriller,19228
action,19237
drama,19238
drama,19246
romance,19251
comedy,19252
thriller,19254
drama,19255
thriller,19270
thriller,19273
drama,19280
action,19283
drama,19284
drama,19285
comedy,19286
drama,19290
thriller,19298
drama,19301
drama,19302
thriller,19307
comedy,19310
horror,19314
drama,19319
drama,19328
drama,19329
drama,19331
drama,19337
thriller,19338
comedy,19339
thriller,19341
drama,19344
drama,19346
drama,19347
thriller,19353
drama,19360
drama,19366
action,19368
thriller,19372
thriller,19376
action,19379
thriller,19385
comedy,19387
action,19392
comedy,19394
thriller,19401
thriller,19404
thriller,19405
drama,19407
comedy,19413
thriller,19423
thriller,19425
drama,19442
thriller,19451
drama,19456
comedy,19457
thriller,19458
thriller,19459
action,19462
sci-fi,19464
comedy,19465
thriller,19476
drama,19479
comedy,19486
thriller,19487
drama,19488
thriller,19490
comedy,19497
drama,19499
thriller,19502
drama,19503
drama,19507
thriller,19539
thriller,19542
drama,19547
comedy,19548
thriller,19555
drama,19560
action,19573
drama,19579
drama,19594
thriller,19599
drama,19603
thriller,19617
sci-fi,19618
thriller,19624
thriller,19636
thriller,19639
drama,19643
drama,19649
drama,19652
thriller,19655
thriller,19657
thriller,19662
other,19663
thriller,19668
drama,19672
comedy,19676
sci-fi,19677
thriller,19680
drama,19683
drama,19689
thriller,19694
sci-fi,19701
drama,19720
drama,19729
comedy,19743
thriller,19745
drama,19750
thriller,19758
thriller,19761
thriller,19773
thriller,19780
drama,19783
drama,19785
adventure,19786
comedy,19790
action,19791
thriller,19794
comedy,19796
drama,19799
thriller,19800
thriller,19808
thriller,19815
action,19816
romance,19817
drama,19818
thriller,19824
other,19825
drama,19828
drama,19833
comedy,19836
thriller,19838
thriller,19846
other,19851
sci-fi,19857
drama,19860
drama,19870
drama,19878
sci-fi,19880
thriller,19881
comedy,19882
comedy,19888
drama,19889
sci-fi,19897
comedy,19901
drama,19905
drama,19907
action,19910
drama,19919
drama,19933
drama,19938
thriller,19945
thriller,19949
thriller,19950
adventure,19954
drama,19956
action,19959
drama,19962
drama,19967
drama,19973
comedy,19977
action,19983
thriller,19985
thriller,19987
sci-fi,19992
action,19993
drama,19995
drama,19997
thriller,20009
drama,20012
drama,20018
thriller,20024
drama,20028
comedy,20037
drama,20045
drama,20050
drama,20052
thriller,20067
drama,20073
action,20074
drama,20084
action,20085
drama,20092
thriller,20114
thriller,20119
thriller,20126
drama,20128
thriller,20135
drama,20138
thriller,20143
action,20168
drama,20172
action,20177
drama,20185
drama,20194
drama,20199
adventure,20200
thriller,20201
thriller,20202
drama,20204
drama,20205
drama,20210
drama,20219
drama,20227
thriller,20229
thriller,20230
drama,20233
thriller,20237
drama,20247
thriller,20254
drama,20271
thriller,20285
thriller,20291
thriller,20294
horror,20319
thriller,20320
drama,20321
comedy,20325
drama,20326
comedy,20332
comedy,20333
comedy,20339
thriller,20340
drama,20343
drama,20345
thriller,20347
sci-fi,20350
comedy,20351
drama,20353
action,20359
thriller,20361
drama,20363
thriller,20369
thriller,20376
action,20378
drama,20380
drama,20381
adventure,20388
thriller,20399
thriller,20412
comedy,20414
drama,20415
drama,20419
drama,20424
drama,20430
action,20431
drama,20438
thriller,20449
thriller,20454
comedy,20466
comedy,20470
thriller,20478
sci-fi,20479
drama,20491
drama,20508
drama,20509
action,20536
comedy,20546
thriller,20558
drama,20560
drama,20565
thriller,20567
thriller,20570
thriller,20573
drama,20574
drama,20583
drama,20585
drama,20586
drama,20591
drama,20596
drama,20607
action,20617
drama,20621
thriller,20631
drama,20635
thriller,20639
drama,20642
other,20649
drama,20653
comedy,20657
action,20659
thriller,20667
drama,20669
action,20675
thriller,20677
thriller,20679
drama,20692
action,20696
thriller,20699
comedy,20712
comedy,20714
drama,20721
thriller,20729
action,20730
thriller,20735
drama,20737
drama,20741
comedy,20743
thriller,20744
thriller,20746
thriller,20749
thriller,20751
drama,20752
drama,20753
thriller,20769
thriller,20789
drama,20790
horror,20793
action,20796
sci-fi,20800
comedy,20801
thriller,20804
thriller,20825
drama,20848
comedy,20860
thriller,20873
thriller,20879
drama,20890
thriller,20891
drama,20902
thriller,20904
sci-fi,20914
action,20926
drama,20927
drama,20929
thriller,20936
thriller,20937
thriller,20943
action,20949
drama,20956
drama,20962
adventure,20964
comedy,20965
thriller,20968
drama,20973
comedy,20974
comedy,20984
action,20985
thriller,20986
action,20988
drama,20990
thriller,20992
action,21005
thriller,21007
drama,21012
drama,21013
adventure,21021
thriller,21025
thriller,21030
drama,21031
drama,21034
thriller,21037
drama,21047
drama,21048
action,21052
drama,21056
drama,21059
drama,21061
drama,21062
drama,21069
thriller,21070
thriller,21087
drama,21092
comedy,21096
drama,21098
drama,21099
thriller,21100
drama,21115
drama,21116
action,21127
drama,21128
thriller,21134
drama,21136
comedy,21149
thriller,21153
thriller,21154
thriller,21157
comedy,21159
comedy,21163
thriller,21164
comedy,21169
comedy,21170
drama,21171
thriller,21172
adventure,21180
action,21183
drama,21189
thriller,21194
drama,21202
thriller,21204
drama,21215
thriller,21216
drama,21219
action,21220
action,21222
thriller,21235
thriller,21240
thriller,21245
drama,21250
thriller,21255
comedy,21257
drama,21258
drama,21261
thriller,21266
thriller,21267
thriller,21270
action,21295
action,21305
thriller,21307
thriller,21310
drama,21312
drama,21313
comedy,21318
thriller,21319
thriller,21324
action,21329
thriller,21331
thriller,21333
adventure,21342
comedy,21344
comedy,21347
comedy,21362
action,21363
drama,21366
thriller,21367
drama,21371
drama,21374
drama,21376
drama,21380
drama,21391
action,21399
thriller,21405
adventure,21411
thriller,21416
thriller,21430
drama,21431
sci-fi,21434
comedy,21435
thriller,21443
comedy,21445
drama,21446
other,21454
drama,21455
thriller,21461
action,21466
action,21472
thriller,21475
drama,21476
drama,21477
drama,21478
other,21486
action,21487
thriller,21489
thriller,21492
thriller,21498
thriller,21502
thriller,21505
drama,21509
action,21510
drama,21516
drama,21519
comedy,21521
thriller,21529
thriller,21533
thriller,21536
comedy,21539
drama,21551
horror,21552
thriller,21553
thriller,21555
thriller,21557
thriller,21568
drama,21569
comedy,21574
drama,21586
drama,21600
thriller,21601
action,21603
thriller,21614
drama,21616
horror,21627
thriller,21628
thriller,21638
thriller,21646
adventure,21667
drama,21669
sci-fi,21672
comedy,21678
drama,21681
thriller,21684
drama,21685
comedy,21705
drama,21707
action,21709
drama,21716
drama,21719
thriller,21720
thriller,21722
thriller,21725
sci-fi,21728
comedy,21729
action,21731
drama,21735
drama,21738
drama,21741
thriller,21742
drama,21744
drama,21752
sci-fi,21753
drama,21754
sci-fi,21759
thriller,21762
comedy,21764
action,21771
thriller,21773
drama,21774
comedy,21778
comedy,21779
thriller,21784
drama,21785
thriller,21786
thriller,21789
comedy,21809
thriller,21812
action,21817
thriller,21827
drama,21843
drama,21852
drama,21853
drama,21857
drama,21861
drama,21862
drama,21868
adventure,21869
drama,21880
action,21890
comedy,21897
thriller,21898
drama,21904
drama,21905
action,21907
drama,21911
drama,21913
thriller,21915
drama,21916
horror,21922
drama,21923
thriller,21926
action,21928
comedy,21943
drama,21945
comedy,21951
drama,21963
drama,21975
thriller,21976
drama,21980
drama,21983
thriller,21993
drama,22002
action,22003
drama,22005
thriller,22008
drama,22014
drama,22016
drama,22027
comedy,22034
drama,22052
action,22053
drama,22055
thriller,22056
comedy,22057
comedy,22064
drama,22069
action,22079
drama,22090
drama,22094
comedy,22103
drama,22104
drama,22106
drama,22110
drama,22116
thriller,22117
thriller,22120
comedy,22121
thriller,22122
drama,22127
comedy,22128
drama,22134
action,22139
action,22147
thriller,22150
thriller,22156
drama,22159
drama,22162
thriller,22168
thriller,22174
action,22175
comedy,22181
thriller,22182
comedy,22184
drama,22192
thriller,22196
drama,22202
thriller,22207
drama,22223
drama,22225
drama,22230
thriller,22231
thriller,22237
action,22242
drama,22248
action,22250
comedy,22251
thriller,22252
drama,22254
thriller,22257
action,22260
thriller,22262
thriller,22269
drama,22276
thriller,22282
sci-fi,22308
drama,22312
sci-fi,22315
drama,22316
action,22318
drama,22346
drama,22348
drama,22349
drama,22351
thriller,22358
action,22368
thriller,22373
thriller,22380
action,22387
comedy,22388
adventure,22390
drama,22394
drama,22399
thriller,22410
comedy,22411
comedy,22419
comedy,22429
drama,22436
thriller,22439
thriller,22441
thriller,22443
drama,22444
drama,22445
drama,22449
drama,22450
horror,22470
drama,22472
drama,22481
drama,22490
action,22500
thriller,22506
thriller,22511
comedy,22513
thriller,22517
comedy,22520
thriller,22526
comedy,22530
comedy,22532
drama,22534
thriller,22536
drama,22539
comedy,22542
drama,22547
thriller,22552
comedy,22554
action,22564
thriller,22567
drama,22577
thriller,22578
thriller,22586
drama,22587
comedy,22590
action,22591
thriller,22598
action,22602
horror,22605
thriller,22608
romance,22637
drama,22638
thriller,22653
drama,22660
drama,22663
thriller,22678
drama,22692
drama,22695
thriller,22703
adventure,22706
action,22717
drama,22723
thriller,22728
thriller,22732
drama,22742
thriller,22744
comedy,22752
drama,22757
thriller,22769
thriller,22775
thriller,22779
drama,22784
thriller,22787
drama,22795
thriller,22796
thriller,22806
comedy,22807
comedy,22810
thriller,22811
thriller,22822
drama,22827
thriller,22836
sci-fi,22838
thriller,22845
drama,22847
other,22850
drama,22854
thriller,22856
drama,22863
thriller,22868
thriller,22871
thriller,22875
drama,22887
drama,22889
drama,22890
drama,22893
drama,22896
comedy,22900
thriller,22902
drama,22903
sci-fi,22912
thriller,22914
drama,22915
thriller,22924
thriller,22925
thriller,22930
drama,22935
thriller,22937
action,22948
comedy,22950
action,22952
thriller,22954
drama,22964
other,22974
drama,22979
comedy,22983
adventure,22985
drama,22990
sci-fi,22991
thriller,22994
action,22997
action,23001
thriller,23002
drama,23003
thriller,23005
drama,23006
drama,23009
thriller,23023
drama,23026
drama,23033
thriller,23034
drama,23035
thriller,23036
sci-fi,23045
drama,23046
comedy,23054
drama,23055
thriller,23057
drama,23059
adventure,23063
thriller,23064
drama,23066
drama,23072
drama,23073
drama,23086
drama,23089
action,23094
comedy,23110
thriller,23113
drama,23116
drama,23117
comedy,23123
drama,23133
drama,23135
thriller,23139
thriller,23141
drama,23143
drama,23144
thriller,23153
drama,23155
drama,23157
thriller,23158
drama,23163
action,23164
sci-fi,23165
action,23166
drama,23169
comedy,23170
thriller,23172
thriller,23176
drama,23180
comedy,23185
thriller,23188
action,23189
drama,23192
drama,23198
drama,23206
sci-fi,23216
drama,23218
comedy,23221
comedy,23224
drama,23226
sci-fi,23229
thriller,23232
drama,23236
drama,23238
comedy,23245
drama,23251
drama,23265
thriller,23281
drama,23291
comedy,23310
thriller,23311
adventure,23312
drama,23314
drama,23333
comedy,23336
drama,23339
comedy,23340
thriller,23343
comedy,23344
thriller,23345
thriller,23348
sci-fi,23370
action,23372
drama,23374
drama,23375
comedy,23381
drama,23385
thriller,23387
action,23390
sci-fi,23392
thriller,23401
thriller,23405
adventure,23413
thriller,23414
drama,23419
sci-fi,23421
horror,23424
drama,23431
drama,23434
drama,23443
drama,23452
drama,23454
action,23455
drama,23467
drama,23468
thriller,23473
drama,23474
drama,23477
sci-fi,23481
drama,23487
drama,23490
drama,23502
thriller,23525
thriller,23526
action,23533
action,23563
thriller,23569
horror,23570
drama,23582
drama,23583
thriller,23587
drama,23595
action,23596
drama,23600
action,23614
drama,23625
thriller,23626
thriller,23635
thriller,23638
action,23642
thriller,23645
thriller,23650
comedy,23651
thriller,23655
thriller,23663
thriller,23676
comedy,23678
drama,23679
thriller,23706
drama,23712
drama,23724
thriller,23729
drama,23743
thriller,23745
drama,23746
action,23751
adventure,23753
thriller,23758
other,23759
drama,23765
drama,23766
drama,23769
thriller,23784
comedy,23786
drama,23788
thriller,23795
comedy,23803
comedy,23823
thriller,23827
drama,23838
drama,23851
comedy,23852
sci-fi,23861
drama,23862
thriller,23864
comedy,23866
drama,23869
thriller,23874
drama,23877
drama,23880
action,23883
comedy,23889
drama,23894
drama,23905
thriller,23911
drama,23918
sci-fi,23933
drama,23935
thriller,23941
drama,23942
action,23945
thriller,23957
thriller,23964
thriller,23975
thriller,23989
comedy,23990
comedy,23992
comedy,24013
action,24018
comedy,24023
drama,24024
drama,24033
action,24040
drama,24053
drama,24063
drama,24064
thriller,24067
drama,24071
comedy,24073
thriller,24074
action,24078
drama,24085
drama,24086
thriller,24104
action,24108
drama,24110
thriller,24113
drama,24114
comedy,24117
thriller,24130
thriller,24136
comedy,24143
thriller,24144
comedy,24149
drama,24152
thriller,24155
thriller,24158
drama,24171
adventure,24173
thriller,24175
thriller,24177
drama,24182
drama,24189
drama,24190
drama,24216
comedy,24221
thriller,24234
drama,24240
thriller,24241
drama,24242
action,24246
thriller,24253
drama,24274
drama,24279
comedy,24281
thriller,24286
drama,24288
comedy,24292
drama,24297
thriller,24299
thriller,24300
drama,24302
action,24303
drama,24307
thriller,24308
thriller,24309
thriller,24317
adventure,24321
drama,24331
drama,24332
comedy,24333
drama,24351
drama,24358
drama,24361
drama,24371
comedy,24373
action,24380
drama,24384
drama,24385
drama,24388
thriller,24389
thriller,24393
drama,24395
drama,24398
thriller,24403
drama,24415
thriller,24425
comedy,24436
sci-fi,24441
comedy,24442
drama,24457
drama,24471
thriller,24474
drama,24479
comedy,24481
comedy,24483
thriller,24491
drama,24495
comedy,24498
drama,24499
comedy,24501
drama,24503
drama,24507
thriller,24508
thriller,24509
sci-fi,24518
sci-fi,24522
comedy,24527
thriller,24545
thriller,24548
comedy,24552
action,24565
adventure,24566
thriller,24568
thriller,24572
other,24575
thriller,24577
drama,24580
thriller,24596
comedy,24601
comedy,24603
action,24610
comedy,24613
drama,24616
drama,24620
action,24626
thriller,24637
comedy,24654
thriller,24663
thriller,24666
sci-fi,24668
drama,24683
drama,24684
drama,24685
thriller,24690
drama,24694
action,24700
thriller,24706
drama,24708
drama,24712
thriller,24715
drama,24723
drama,24747
action,24749
drama,24751
drama,24753
comedy,24756
drama,24764
drama,24767
comedy,24769
drama,24771
drama,24773
adventure,24777
thriller,24779
thriller,24783
drama,24797
drama,24801
thriller,24808
adventure,24815
drama,24824
drama,24825
other,24829
comedy,24833
drama,24842
drama,24846
thriller,24849
comedy,24854
drama,24857
drama,24858
drama,24860
thriller,24864
comedy,24866
drama,24867
thriller,24869
action,24875
action,24876
thriller,24881
drama,24886
drama,24889
drama,24894
thriller,24897
comedy,24901
drama,24905
drama,24906
drama,24908
action,24917
thriller,24937
drama,24943
action,24946
thriller,24954
thriller,24957
sci-fi,24962
thriller,24964
thriller,24967
thriller,24971
drama,24974
thriller,24977
drama,24982
action,24983
adventure,24999
action,25004
drama,25013
drama,25016
drama,25017
thriller,25022
comedy,25023
comedy,25030
drama,25031
thriller,25033
comedy,25035
action,25036
thriller,25042
drama,25048
drama,25050
thriller,25053
drama,25056
comedy,25058
action,25059
thriller,25062
comedy,25066
thriller,25071
drama,25093
thriller,25104
drama,25111
thriller,25117
thriller,25119
drama,25123
sci-fi,25125
action,25126
thriller,25130
thriller,25134
drama,25136
drama,25137
comedy,25138
comedy,25140
comedy,25145
sci-fi,25165
drama,25166
thriller,25172
comedy,25179
drama,25182
action,25186
thriller,25190
thriller,25196
drama,25208
thriller,25213
drama,25221
thriller,25222
thriller,25223
horror,25225
action,25227
drama,25232
drama,25235
comedy,25244
adventure,25252
action,25255
thriller,25265
thriller,25268
thriller,25269
comedy,25286
thriller,25290
drama,25298
drama,25302
drama,25307
comedy,25324
thriller,25325
thriller,25332
thriller,25334
drama,25337
comedy,25338
sci-fi,25340
drama,25342
thriller,25354
drama,25355
drama,25358
thriller,25359
other,25367
drama,25373
sci-fi,25380
drama,25386
action,25387
action,25397
comedy,25403
action,25408
comedy,25415
drama,25420
thriller,25423
drama,25427
thriller,25428
thriller,25429
drama,25434
drama,25439
drama,25456
comedy,25458
drama,25461
action,25466
drama,25469
other,25481
drama,25482
sci-fi,25488
sci-fi,25498
action,25506
thriller,25511
action,25524
comedy,25526
drama,25530
action,25538
thriller,25542
comedy,25546
thriller,25550
sci-fi,25564
drama,25574
drama,25575
action,25577
action,25580
thriller,25581
thriller,25586
action,25602
thriller,25609
drama,25618
thriller,25639
comedy,25642
drama,25643
sci-fi,25645
thriller,25659
action,25662
sci-fi,25664
drama,25665
drama,25667
drama,25669
thriller,25680
drama,25681
sci-fi,25685
comedy,25700
drama,25706
thriller,25709
thriller,25710
thriller,25711
thriller,25713
thriller,25724
drama,25726
drama,25731
sci-fi,25735
drama,25742
drama,25746
comedy,25748
drama,25756
thriller,25757
action,25759
comedy,25766
drama,25768
adventure,25770
thriller,25775
drama,25776
drama,25778
comedy,25779
drama,25782
drama,25787
thriller,25792
drama,25794
drama,25799
comedy,25803
thriller,25805
comedy,25809
drama,25817
drama,25821
action,25822
horror,25837
action,25846
action,25847
thriller,25850
thriller,25851
drama,25857
horror,25863
action,25866
drama,25878
drama,25879
thriller,25888
comedy,25902
drama,25905
drama,25911
drama,25917
drama,25919
thriller,25920
thriller,25925
horror,25927
drama,25932
action,25933
drama,25936
comedy,25938
comedy,25939
comedy,25940
drama,25943
drama,25945
thriller,25948
comedy,25963
thriller,25965
drama,25974
drama,25978
thriller,25980
drama,25982
action,25995
drama,25999
comedy,26011
drama,26013
drama,26014
thriller,26016
thriller,26017
drama,26023
comedy,26024
thriller,26034
drama,26037
drama,26060
action,26070
drama,26075
thriller,26090
thriller,26106
drama,26107
drama,26112
action,26113
thriller,26130
thriller,26131
drama,26142
horror,26144
thriller,26145
action,26150
romance,26151
comedy,26159
thriller,26173
drama,26182
thriller,26183
comedy,26189
drama,26190
comedy,26192
thriller,26197
sci-fi,26201
comedy,26212
drama,26218
drama,26220
thriller,26233
drama,26241
drama,26242
action,26264
thriller,26267
thriller,26280
drama,26282
adventure,26283
thriller,26292
comedy,26294
drama,26305
horror,26309
drama,26311
action,26317
other,26322
sci-fi,26323
drama,26329
thriller,26337
thriller,26342
comedy,26343
thriller,26344
thriller,26354
thriller,26359
action,26361
thriller,26370
drama,26380
drama,26385
thriller,26389
drama,26394
drama,26399
thriller,26402
drama,26405
drama,26407
drama,26408
thriller,26409
thriller,26412
thriller,26416
thriller,26418
thriller,26434
comedy,26440
drama,26446
thriller,26451
drama,26462
thriller,26464
horror,26471
thriller,26482
comedy,26484
drama,26485
drama,26489
drama,26490
action,26497
comedy,26498
action,26501
drama,26503
thriller,26504
thriller,26507
drama,26509
drama,26510
drama,26515
drama,26523
thriller,26525
thriller,26536
drama,26538
sci-fi,26540
drama,26545
thriller,26546
drama,26553
thriller,26556
comedy,26566
thriller,26568
action,26570
adventure,26572
thriller,26585
drama,26589
thriller,26595
drama,26596
horror,26600
thriller,26613
drama,26621
drama,26641
thriller,26645
drama,26654
drama,26657
drama,26660
action,26667
drama,26671
thriller,26672
thriller,26674
comedy,26694
drama,26700
comedy,26705
drama,26706
drama,26709
drama,26711
drama,26718
action,26720
comedy,26726
thriller,26729
drama,26730
thriller,26735
thriller,26737
drama,26739
action,26747
thriller,26749
thriller,26751
drama,26753
action,26755
drama,26756
drama,26760
comedy,26761
drama,26766
drama,26769
drama,26771
thriller,26775
comedy,26776
drama,26791
thriller,26794
comedy,26799
drama,26800
action,26803
thriller,26808
thriller,26814
thriller,26825
thriller,26827
thriller,26830
action,26832
action,26834
drama,26846
drama,26852
drama,26853
comedy,26873
thriller,26888
horror,26891
comedy,26896
drama,26904
thriller,26922
thriller,26925
drama,26926
thriller,26953
action,26961
thriller,26964
thriller,26968
other,26969
thriller,26977
thriller,26978
comedy,26982
action,26987
thriller,26990
drama,27005
action,27008
action,27011
drama,27012
comedy,27013
thriller,27014
drama,27016
thriller,27024
thriller,27036
drama,27041
thriller,27043
drama,27045
drama,27050
drama,27056
thriller,27059
drama,27060
comedy,27064
drama,27076
thriller,27083
thriller,27096
drama,27097
drama,27101
sci-fi,27103
horror,27105
thriller,27124
drama,27135
drama,27138
thriller,27145
drama,27152
comedy,27174
drama,27176
drama,27198
drama,27200
drama,27204
thriller,27207
thriller,27209
drama,27219
sci-fi,27222
thriller,27228
action,27234
drama,27236
action,27255
comedy,27263
action,27271
thriller,27275
drama,27282
drama,27286
drama,27292
action,27293
comedy,27299
drama,27303
thriller,27314
thriller,27316
action,27326
action,27329
thriller,27330
thriller,27332
drama,27334
drama,27343
thriller,27346
horror,27353
drama,27360
thriller,27370
thriller,27375
drama,27377
thriller,27380
thriller,27385
sci-fi,27392
thriller,27408
action,27413
thriller,27423
thriller,27425
drama,27427
comedy,27428
action,27429
horror,27431
thriller,27432
drama,27435
drama,27438
drama,27439
drama,27442
drama,27447
drama,27463
comedy,27471
drama,27475
drama,27480
thriller,27497
thriller,27503
thriller,27504
sci-fi,27505
drama,27516
drama,27518
thriller,27527
other,27528
comedy,27536
drama,27546
action,27549
thriller,27556
thriller,27562
drama,27563
comedy,27564
drama,27571
thriller,27580
drama,27581
thriller,27584
thriller,27589
thriller,27593
thriller,27594
drama,27601
drama,27606
comedy,27609
drama,27610
action,27616
drama,27619
thriller,27620
thriller,27621
thriller,27627
thriller,27638
drama,27641
drama,27643
thriller,27651
sci-fi,27652
thriller,27659
comedy,27662
thriller,27668
action,27672
drama,27678
drama,27679
drama,27682
drama,27690
thriller,27693
thriller,27699
thriller,27700
sci-fi,27703
drama,27712
drama,27717
thriller,27728
drama,27729
thriller,27731
drama,27735
comedy,27736
action,27737
thriller,27738
drama,27748
thriller,27761
drama,27764
drama,27779
drama,27782
action,27790
other,27808
drama,27815
other,27820
sci-fi,27825
drama,27830
thriller,27834
drama,27838
drama,27844
thriller,27845
drama,27850
other,27855
comedy,27857
drama,27858
other,27866
comedy,27868
drama,27877
action,27889
adventure,27893
thriller,27895
thriller,27896
thriller,27898
thriller,27900
comedy,27909
comedy,27911
thriller,27917
thriller,27920
thriller,27923
thriller,27942
drama,27944
drama,27949
thriller,27953
drama,27955
drama,27956
comedy,27963
drama,27969
thriller,27978
drama,27980
comedy,27984
sci-fi,27986
drama,27987
drama,27998
drama,27999
drama,28000
comedy,28007
thriller,28009
action,28010
drama,28011
drama,28033
thriller,28034
thriller,28036
thriller,28044
drama,28045
adventure,28055
drama,28058
thriller,28075
thriller,28080
sci-fi,28083
action,28085
horror,28091
thriller,28095
comedy,28114
drama,28121
thriller,28135
drama,28137
drama,28138
other,28140
thriller,28142
drama,28154
action,28164
drama,28167
